Date,AAPL,AMZN,FB,GOOG,MSFT
2014-12-31,103.66435200000001,310.350006,78.019997,523.521423,42.663837
2015-01-02,102.67823,308.519989,78.449997,521.9377440000001,42.948578000000005
2015-01-05,99.785629,302.190002,77.190002,511.057617,42.553627
2015-01-06,99.79502099999999,295.290009,76.150002,499.212799,41.92905
2015-01-07,101.19435899999999,298.420013,76.150002,498.357513,42.461777000000005
2015-01-08,105.082497,300.459991,78.18,499.928864,43.710922
2015-01-09,105.19519,296.929993,77.739998,493.45449800000006,43.343529
2015-01-12,102.603104,291.410004,76.720001,489.854309,42.801613
2015-01-13,103.514084,294.73999,76.449997,493.46444699999995,42.581181
2015-01-14,103.119652,293.269989,76.279999,498.128784,42.213776
2015-01-15,100.320961,286.950012,74.050003,499.04373200000003,41.772903
2015-01-16,99.541428,290.73999,75.18,505.29931600000003,42.470963
2015-01-20,102.105339,289.440002,76.239998,504.125763,42.608727
2015-01-21,102.884872,297.25,76.739998,515.204773,42.177036
2015-01-22,105.561447,310.320007,77.650002,531.465332,43.288406
2015-01-23,106.106171,312.390015,77.83000200000001,536.9948730000001,43.334343
2015-01-26,106.218864,309.660004,77.5,532.280823,43.178191999999996
2015-01-27,102.499809,306.75,75.779999,515.791565,39.182766
2015-01-28,108.294418,303.910004,76.239998,507.208801,37.832584000000004
2015-01-29,111.665985,311.77999900000003,78.0,507.865204,38.585747
2015-01-30,110.03186000000001,354.52999900000003,75.910004,531.594604,37.106987
2015-02-02,111.412415,364.47000099999997,74.989998,525.587646,37.915253
2015-02-03,111.431198,363.549988,75.400002,526.3435059999999,38.209171000000005
2015-02-04,112.285835,364.75,75.629997,519.898987,38.429604
2015-02-05,113.08728799999999,373.890015,75.610001,524.692566,38.989883
2015-02-06,112.134979,374.27999900000003,74.470001,528.0938719999999,38.953140000000005
2015-02-09,112.87983700000001,370.559998,74.440002,524.941223,38.907211
2015-02-10,115.04843899999999,373.0,75.190002,534.001343,39.127651
2015-02-11,117.74501799999999,375.140015,76.510002,533.036682,38.925591
2015-02-12,119.23474099999999,377.170013,76.230003,539.958557,39.577713
2015-02-13,119.819328,381.829987,75.739998,546.00531,40.294136
2015-02-17,120.52648899999998,375.429993,75.599998,539.8690799999999,40.312641
2015-02-18,121.365623,373.369995,76.709999,536.746277,40.266396
2015-02-19,121.111046,379.0,79.41999799999999,539.901306,40.238632
2015-02-20,122.101074,383.660004,79.900002,536.000366,40.571647999999996
2015-02-23,125.40109299999999,380.140015,78.839996,528.9989009999999,40.839905
2015-02-24,124.6185,378.589996,78.449997,533.1560059999999,40.784397
2015-02-25,121.431618,385.369995,79.559998,540.893433,40.691897999999995
2015-02-26,122.96849099999999,384.799988,80.410004,552.43988,40.75666
2015-02-27,121.120499,380.160004,78.970001,555.343933,40.562393
2015-03-02,121.71449299999999,385.660004,79.75,568.213074,40.590145
2015-03-03,121.969078,384.609985,79.599998,570.500488,40.03513
2015-03-04,121.195908,382.72000099999997,80.900002,570.231995,39.831627000000005
2015-03-05,119.18762199999999,387.829987,81.209999,572.181274,39.87788
2015-03-06,119.36676000000001,380.089996,80.010002,564.578125,39.184104999999995
2015-03-09,119.87590800000001,378.559998,79.440002,565.736694,39.637371
2015-03-10,117.39617199999999,369.51001,77.550003,551.972473,38.878849
2015-03-11,115.255852,366.369995,77.57,548.163452,38.832588
2015-03-12,117.3396,374.23999,78.93,552.4697269999999,37.944576
2015-03-13,116.528725,370.579987,78.050003,544.324585,38.27758
2015-03-16,117.811035,373.350006,78.07,551.47522,38.444088
2015-03-17,119.781624,371.920013,79.360001,547.825317,38.573593
2015-03-18,121.129906,375.140015,80.910004,556.437866,39.313614
2015-03-19,120.21534,373.23999,82.75,554.936157,39.119354
2015-03-20,118.706749,378.48999,83.800003,557.293213,39.665119
2015-03-23,119.941895,375.109985,84.43,555.751648,39.646622
2015-03-24,119.451622,374.089996,85.309998,567.069397,39.683628000000006
2015-03-25,116.330727,370.959991,82.91999799999999,555.726807,38.351589000000004
2015-03-26,117.141594,367.350006,83.010002,552.131592,38.120331
2015-03-27,116.20816,370.559998,83.300003,545.338989,37.898323
2015-03-30,119.14991,374.589996,83.199997,549.008789,37.889076
2015-03-31,117.32073999999999,372.100006,82.220001,545.000854,37.611565
2015-04-01,117.15102399999999,370.26001,81.66999799999999,539.5905759999999,37.667065
2015-04-02,118.15988899999999,372.25,81.559998,532.59906,37.269302
2015-04-06,120.07391399999999,377.040009,82.440002,533.8273320000001,38.434837
2015-04-07,118.81046299999998,374.410004,82.32,534.080933,38.416325
2015-04-08,118.42390400000001,381.200012,82.279999,538.645813,38.314587
2015-04-09,119.32904099999999,383.540009,82.16999799999999,537.820374,38.370083
2015-04-10,119.83818799999999,382.649994,82.040001,537.054565,38.592090999999996
2015-04-13,119.602478,382.359985,83.010002,536.219177,38.629086
2015-04-14,119.08389299999999,385.109985,83.519997,527.487183,38.52734
2015-04-15,119.53647600000001,383.450012,82.709999,529.617859,39.091599
2015-04-16,118.96131100000001,386.040009,82.309998,530.87854,38.999103999999996
2015-04-17,117.62244399999999,375.559998,80.779999,521.181885,38.499588
2015-04-20,120.309624,389.51001,83.089996,532.44989,39.692875
2015-04-21,119.65905,391.179993,83.620003,531.049988,39.443119
2015-04-22,121.27134699999999,389.799988,84.629997,536.413086,39.766876
2015-04-23,122.261353,389.98999,82.410004,544.006287,40.090637
2015-04-24,122.836502,445.10000599999995,81.529999,561.9674679999999,44.280998
2015-04-27,125.071068,438.55999800000006,81.910004,555.369995,44.429005
2015-04-28,123.100502,429.30999800000006,80.68,553.679993,45.474281
2015-04-29,121.29019199999999,429.369995,80.470001,549.080017,45.381786
2015-04-30,117.999596,421.77999900000003,78.769997,537.340027,44.993266999999996
2015-05-01,121.582474,422.869995,78.989998,537.900024,45.011772
2015-05-04,121.34677099999999,423.040009,78.809998,540.780029,44.623264
2015-05-05,118.61246499999999,421.19000199999994,77.559998,530.799988,44.031242
2015-05-06,117.867599,419.100006,78.099998,524.219971,42.810210999999995
2015-05-07,118.59664199999999,426.880005,78.43,530.700012,43.198719
2015-05-08,120.831108,433.69000199999994,78.510002,538.219971,44.169998
2015-05-11,119.60024299999999,432.85000599999995,78.010002,535.700012,43.818489
2015-05-12,119.17418700000002,431.01998899999995,77.459999,529.039978,43.799988
2015-05-13,119.30673200000001,426.869995,78.440002,529.619995,44.058997999999995
2015-05-14,122.09034,432.27999900000003,81.370003,538.400024,45.067271999999996
2015-05-15,121.919922,426.0,80.41999799999999,533.849976,44.678761
2015-05-18,123.264397,425.23999000000003,80.879997,532.299988,44.410503000000006
2015-05-19,123.15078700000001,421.709991,80.629997,537.3599849999999,44.298786
2015-05-20,123.141296,423.85998499999994,80.550003,539.27002,44.298786
2015-05-21,124.400558,431.630005,80.480003,542.51001,44.149815000000004
2015-05-22,125.48935700000001,427.630005,80.540001,540.1099849999999,43.665672
2015-05-26,122.724678,425.47000099999997,79.33000200000001,532.320007,43.377047999999995
2015-05-27,125.015953,431.420013,80.550003,539.789978,44.326716999999995
2015-05-28,124.769791,426.57000700000003,80.150002,539.780029,44.17775
2015-05-29,123.34958600000002,429.23001100000005,79.190002,532.1099849999999,43.628426
2015-06-01,123.59576399999999,430.920013,80.290001,533.98999,43.972912
2015-06-02,123.04663799999999,430.98999000000003,80.440002,539.179993,43.684296
2015-06-03,123.198097,436.589996,82.440002,540.3099980000001,43.619122
2015-06-04,122.478546,430.77999900000003,82.050003,536.700012,43.16291
2015-06-05,121.80630500000001,426.950012,82.139999,533.330017,42.958088000000004
2015-06-08,121.00151799999999,423.5,80.66999799999999,526.830017,42.576355
2015-06-09,120.64173100000001,425.48001100000005,80.66999799999999,526.6900019999999,42.501877
2015-06-10,122.02408600000001,430.76998899999995,82.160004,536.6900019999999,43.395676
2015-06-11,121.74948899999998,432.97000099999997,81.83000200000001,534.6099849999999,43.237389
2015-06-12,120.40503700000001,429.920013,81.529999,532.330017,42.799812
2015-06-15,120.168327,423.670013,80.709999,527.200012,42.343605
2015-06-16,120.812149,427.26000999999997,81.059998,528.150024,42.66946
2015-06-17,120.52811399999999,427.80999800000006,81.790001,529.26001,42.799812
2015-06-18,121.07725500000001,439.39001500000006,82.910004,536.72998,43.498089
2015-06-19,119.865356,434.920013,82.510002,536.6900019999999,42.920840999999996
2015-06-22,120.821625,436.290009,84.739998,538.1900019999999,43.041878000000004
2015-06-23,120.272484,445.98999000000003,87.879997,540.47998,42.743946
2015-06-24,121.29504399999999,440.839996,88.860001,537.840027,42.492569
2015-06-25,120.717476,440.10000599999995,87.980003,535.22998,42.501877
2015-06-26,120.00736200000001,438.10000599999995,88.010002,531.6900019999999,42.138767
2015-06-29,117.905479,429.85998499999994,85.800003,521.52002,41.31015
2015-06-30,118.75759099999999,434.089996,85.769997,520.51001,41.10532
2015-07-01,119.865356,437.39001500000006,86.910004,521.840027,41.384632
2015-07-02,119.713867,437.709991,87.290001,523.400024,41.338078
2015-07-06,119.297279,436.040009,87.550003,522.8599849999999,41.32877
2015-07-07,119.00376100000001,436.72000099999997,87.220001,525.02002,41.244972
2015-07-08,116.04974399999999,429.700012,85.650002,516.830017,41.189114000000004
2015-07-09,113.68273899999998,434.39001500000006,85.879997,520.679993,41.449802000000005
2015-07-10,116.721977,443.51000999999997,87.949997,530.130005,41.5336
2015-07-13,118.975372,455.57000700000003,90.099998,546.549988,42.399464
2015-07-14,118.928009,465.57000700000003,89.68,561.099976,42.473949
2015-07-15,120.073647,461.19000199999994,89.760002,560.219971,42.60429
2015-07-16,121.673759,475.48001100000005,90.849998,579.849976,43.442223
2015-07-17,122.724678,483.01000999999997,94.970001,672.929993,43.404984000000006
2015-07-20,125.04438799999998,488.10000599999995,97.910004,663.02002,43.684296
2015-07-21,123.794601,488.0,98.389999,662.299988,44.019465999999994
2015-07-22,118.558777,488.26998899999995,97.040001,662.099976,42.399464
2015-07-23,118.50196100000001,482.17999299999997,95.440002,644.280029,42.930157
2015-07-24,117.877068,529.419983,96.949997,623.5599980000001,42.771873
2015-07-27,116.239098,531.409973,94.16999799999999,627.26001,42.222557
2015-07-28,116.816643,526.030029,95.290001,628.0,42.213249
2015-07-29,116.447395,529.0,96.989998,631.929993,43.097736
2015-07-30,115.86039699999999,536.76001,95.209999,632.590027,43.647057000000004
2015-07-31,114.847298,536.150024,94.010002,625.6099849999999,43.479465000000005
2015-08-03,112.13944199999999,535.030029,94.139999,631.210022,43.581882
2015-08-04,108.54158799999999,531.900024,94.059998,629.25,44.261536
2015-08-05,109.26116200000001,537.01001,96.440002,643.780029,44.298786
2015-08-06,109.498924,529.460022,95.120003,642.679993,43.404984000000006
2015-08-07,109.86984299999999,522.619995,94.300003,635.299988,43.516712
2015-08-10,113.864433,524.0,94.150002,633.72998,44.066016999999995
2015-08-11,107.93914,527.460022,93.620003,660.780029,43.209465
2015-08-12,109.603546,525.909973,94.190002,659.5599980000001,43.516712
2015-08-13,109.517944,529.659973,93.43,656.450012,43.507397
2015-08-14,110.288322,531.52002,94.41999799999999,657.119995,43.758774
2015-08-17,111.42964199999999,535.219971,93.93,660.869995,44.056713
2015-08-18,110.801933,535.02002,95.16999799999999,656.130005,44.300377000000005
2015-08-19,109.38478899999998,532.919983,95.309998,660.900024,43.681839000000004
2015-08-20,107.140221,515.780029,90.559998,646.830017,42.791523
2015-08-21,100.58721899999999,494.47000099999997,86.059998,612.47998,40.364231
2015-08-24,98.076347,463.369995,82.089996,589.6099849999999,39.061558000000005
2015-08-25,98.666023,466.369995,83.0,582.0599980000001,37.92757
2015-08-26,104.325012,500.76998899999995,87.190002,628.619995,40.026848
2015-08-27,107.397011,518.369995,89.730003,637.6099849999999,41.14209
2015-08-28,107.748924,518.01001,91.010002,630.380005,41.1702
2015-08-31,107.24485,512.8900150000001,89.43,618.25,40.785961
2015-09-01,102.451363,496.540009,87.230003,597.789978,39.19276
2015-09-02,106.84539,510.549988,89.889999,614.340027,40.636013
2015-09-03,104.971733,504.72000099999997,88.150002,606.25,40.767216
2015-09-04,103.925537,499.0,88.260002,600.700012,39.933132
2015-09-08,106.816864,517.539978,89.529999,614.659973,41.132717
2015-09-09,104.762497,516.8900150000001,90.440002,612.719971,40.364231
2015-09-10,107.06413300000001,522.23999,91.980003,621.349976,40.570415000000004
2015-09-11,108.623924,529.4400019999999,92.050003,625.77002,40.748478000000006
2015-09-14,109.67012,521.380005,92.309998,623.23999,40.336117
2015-09-15,110.59268999999999,522.369995,92.900002,635.1400150000001,41.217064
2015-09-16,110.716324,527.3900150000001,93.449997,635.97998,41.516956
2015-09-17,108.348106,538.869995,94.339996,642.900024,41.470096999999996
2015-09-18,107.9011,540.26001,94.400002,629.25,40.748478000000006
2015-09-21,109.57501200000002,548.3900150000001,95.550003,635.4400019999999,41.338898
2015-09-22,107.853531,538.400024,92.959999,622.6900019999999,41.14209
2015-09-23,108.728546,536.070007,93.970001,622.3599849999999,41.113972
2015-09-24,109.37528200000001,533.75,94.410004,625.799988,41.151459
2015-09-25,109.09947199999999,524.25,92.769997,611.969971,41.179577
2015-09-28,106.940506,504.05999800000006,89.209999,594.8900150000001,40.570415000000004
2015-09-29,103.7258,496.07000700000003,86.66999799999999,594.969971,40.710983
2015-09-30,104.905174,511.89001500000006,89.900002,608.419983,41.479473
2015-10-01,104.220398,520.719971,90.949997,611.289978,41.807484
2015-10-02,104.981232,532.539978,92.07,626.909973,42.707176000000004
2015-10-05,105.36167900000001,543.679993,94.010002,641.469971,43.700584
2015-10-06,105.86576799999999,537.47998,92.800003,645.4400019999999,43.813041999999996
2015-10-07,105.36167900000001,541.9400019999999,92.400002,642.3599849999999,43.859894
2015-10-08,104.144302,533.159973,92.470001,639.159973,44.469066999999995
2015-10-09,106.63616200000001,539.799988,93.239998,643.6099849999999,44.150428999999995
2015-10-12,106.14156299999999,550.1900019999999,94.260002,646.669983,44.047337
2015-10-13,106.322281,548.900024,94.120003,652.299988,43.944247999999995
2015-10-14,104.819572,544.830017,94.07,651.159973,43.747440000000005
2015-10-15,106.38887,562.4400019999999,95.959999,661.73999,44.056709000000005
2015-10-16,105.60897800000001,570.76001,97.540001,662.200012,44.525299
2015-10-19,106.26523600000002,573.150024,98.470001,666.099976,44.628387
2015-10-20,108.205444,560.880005,97.0,650.280029,44.76897
2015-10-21,108.195953,555.77002,97.110001,642.6099849999999,44.234778999999996
2015-10-22,109.85083,563.909973,99.66999799999999,651.789978,45.01263
2015-10-23,113.25573700000001,599.030029,102.190002,702.0,49.548576000000004
2015-10-26,109.641594,608.6099849999999,103.769997,712.780029,50.841877000000004
2015-10-27,108.947304,611.01001,103.699997,708.48999,50.317054999999996
2015-10-28,113.43643200000001,617.099976,104.199997,712.950012,50.588829
2015-10-29,114.63481100000001,626.549988,104.879997,716.919983,50.007782
2015-10-30,113.655197,625.900024,101.970001,710.8099980000001,49.333019
2015-11-02,115.253029,628.349976,103.309998,721.1099849999999,49.895325
2015-11-03,116.57503500000001,625.3099980000001,102.58000200000001,722.159973,50.748160999999996
2015-11-04,116.03290600000001,640.950012,103.940002,728.1099849999999,50.982452
2015-11-05,115.49801599999999,655.650024,108.760002,731.25,50.963707
2015-11-06,115.63173700000002,659.369995,107.099998,733.76001,51.46978
2015-11-09,115.16370400000001,655.48999,106.489998,724.8900150000001,50.757529999999996
2015-11-10,111.53409599999999,659.679993,107.910004,728.320007,50.148357
2015-11-11,110.903687,673.25,109.010002,735.400024,50.279571999999995
2015-11-12,110.531181,665.599976,108.019997,731.22998,49.970299
2015-11-13,107.30275,642.349976,103.949997,717.0,49.520462
2015-11-16,109.06024199999999,647.8099980000001,104.040001,728.960022,50.392033000000005
2015-11-17,108.59220900000001,643.299988,105.129997,725.299988,49.976898
2015-11-18,112.03078500000001,663.539978,107.769997,740.0,50.807163
2015-11-19,113.453979,661.27002,106.260002,738.409973,50.89209
2015-11-20,113.95066100000001,668.450012,107.32,756.599976,51.127956
2015-11-23,112.470169,678.98999,106.949997,755.97998,51.127956
2015-11-24,113.5495,671.150024,105.739998,748.280029,51.18457
2015-11-25,112.737602,675.340027,105.410004,748.150024,50.656203999999995
2015-11-27,112.527473,673.26001,105.449997,750.26001,50.882645000000004
2015-11-30,112.995499,664.799988,104.239998,742.599976,51.278912
2015-12-01,112.078529,679.0599980000001,107.120003,767.039978,52.099762
2015-12-02,111.066078,676.01001,106.07,762.380005,52.090317
2015-12-03,110.0345,666.25,104.379997,752.539978,51.137394
2015-12-04,113.69277199999999,672.6400150000001,106.18,766.8099980000001,52.750758999999995
2015-12-07,112.976395,669.830017,105.610001,763.25,52.656418
2015-12-08,112.928642,677.330017,106.489998,762.369995,52.637547
2015-12-09,110.435677,664.789978,104.599998,751.6099849999999,51.873321999999995
2015-12-10,110.96100600000001,662.320007,105.41999799999999,749.460022,52.146927000000005
2015-12-11,108.10508,640.150024,102.120003,738.869995,51.005306
2015-12-14,107.43645500000001,657.909973,104.660004,747.77002,52.024277000000005
2015-12-15,105.535706,658.6400150000001,104.550003,743.400024,52.080887
2015-12-16,106.347572,675.77002,106.790001,758.090027,52.958328
2015-12-17,104.093407,670.650024,106.220001,749.429993,52.552631000000005
2015-12-18,101.275681,664.1400150000001,104.040001,739.3099980000001,51.071346000000005
2015-12-21,102.51738,664.51001,104.769997,747.77002,51.7318
2015-12-22,102.421867,663.150024,105.510002,750.0,52.222408
2015-12-23,103.740013,663.700012,104.629997,750.3099980000001,52.665852
2015-12-24,103.185997,662.789978,105.019997,748.400024,52.524326
2015-12-28,102.030251,675.200012,105.93,762.51001,52.788506000000005
2015-12-29,103.864151,693.969971,107.260002,776.599976,53.354599
2015-12-30,102.507828,689.070007,106.220001,771.0,53.12817
2015-12-31,100.540207,675.8900150000001,104.660004,758.880005,52.345065999999996
2016-01-04,100.626175,636.98999,102.220001,741.840027,51.703487
2016-01-05,98.104546,633.789978,102.730003,742.580017,51.939362
2016-01-06,96.18465400000001,632.650024,102.970001,743.619995,50.995865
2016-01-07,92.125244,607.9400019999999,97.91999799999999,726.3900150000001,49.222095
2016-01-08,92.612358,607.049988,97.33000200000001,714.469971,49.373062
2016-01-11,94.11198399999999,617.73999,97.510002,716.030029,49.344746
2016-01-12,95.477859,617.8900150000001,99.370003,726.070007,49.797626
2016-01-13,93.023087,581.8099980000001,95.440002,700.5599980000001,48.722046
2016-01-14,95.057579,593.0,98.370003,714.719971,50.108986
2016-01-15,92.77475,570.179993,94.970001,694.450012,48.108776
2016-01-19,92.325813,574.47998,95.260002,701.789978,47.703075
2016-01-20,92.449989,571.77002,94.349998,698.450012,47.920078000000004
2016-01-21,91.981964,575.02002,94.160004,706.590027,47.627583
2016-01-22,96.872398,596.380005,97.940002,725.25,49.33532
2016-01-25,94.981171,596.530029,97.010002,711.669983,48.863566999999996
2016-01-26,95.506508,601.25,97.339996,713.039978,49.222095
2016-01-27,89.231094,583.349976,94.449997,699.98999,48.325783
2016-01-28,89.871048,635.349976,109.110001,730.960022,49.118313
2016-01-29,92.975334,587.0,112.209999,742.950012,51.977104
2016-02-01,92.10614,574.8099980000001,115.089996,752.0,51.618567999999996
2016-02-02,90.243576,552.099976,114.610001,764.650024,50.005196000000005
2016-02-03,92.029724,531.070007,112.690002,726.950012,49.212662
2016-02-04,92.76918,536.26001,110.489998,708.01001,49.061703
2016-02-05,90.291489,502.130005,104.07,683.570007,47.325676
2016-02-08,91.242241,488.10000599999995,99.75,682.73999,46.61805
2016-02-09,91.223038,482.07000700000003,99.540001,678.1099849999999,46.495396
2016-02-10,90.531593,490.48001100000005,101.0,684.119995,46.9011
2016-02-11,89.98419200000001,503.82000700000003,101.910004,683.1099849999999,46.882233
2016-02-12,90.262688,507.079987,102.010002,682.400024,47.646460999999995
2016-02-16,92.807602,521.099976,101.610001,691.0,48.549217
2016-02-17,94.228897,534.099976,105.199997,708.400024,49.813076
2016-02-18,92.442665,525.0,103.470001,697.349976,49.594509
2016-02-19,92.23138399999999,534.900024,104.57,700.909973,49.242912
2016-02-22,93.03808599999999,559.5,107.160004,706.460022,50.031634999999994
2016-02-23,90.934929,552.9400019999999,105.459999,695.849976,48.634743
2016-02-24,92.289017,554.039978,106.879997,699.5599980000001,48.805786
2016-02-25,92.922836,555.150024,108.07,705.75,49.508987
2016-02-26,93.066895,555.22998,107.91999799999999,705.070007,48.748771999999995
2016-02-29,92.855621,552.52002,106.91999799999999,697.77002,48.349659
2016-03-01,96.54334300000001,579.039978,109.82,718.8099980000001,49.965118
2016-03-02,96.754623,580.210022,109.949997,718.849976,50.316715
2016-03-03,97.474876,577.48999,109.58000200000001,712.419983,49.746555
2016-03-04,98.924988,575.1400150000001,108.389999,710.8900150000001,49.442467
2016-03-07,97.8302,562.799988,105.730003,695.159973,48.492199
2016-03-08,97.02350600000001,560.26001,105.93,693.969971,49.081371000000004
2016-03-09,97.10994699999999,559.469971,107.510002,705.23999,50.212196
2016-03-10,97.157944,558.929993,107.32,712.820007,49.461475
2016-03-11,98.204727,569.6099849999999,109.410004,726.820007,50.430748
2016-03-14,98.454414,573.369995,109.889999,730.48999,50.525776
2016-03-15,100.432732,577.02002,110.66999799999999,728.330017,50.924884999999996
2016-03-16,101.767609,574.27002,112.18,736.090027,51.647087
2016-03-17,101.60434000000001,559.4400019999999,111.019997,737.780029,51.941669
2016-03-18,101.719589,552.080017,111.449997,737.599976,50.829861
2016-03-21,101.709991,553.97998,111.849998,742.090027,51.181461
2016-03-22,102.48786199999999,560.47998,112.25,740.75,51.381012
2016-03-23,101.921272,569.630005,112.540001,738.0599980000001,51.285988
2016-03-24,101.479515,582.950012,113.050003,735.299988,51.514057
2016-03-28,101.018539,579.869995,113.690002,733.530029,50.877377
2016-03-29,103.409798,593.8599849999999,116.139999,744.77002,51.989182
2016-03-30,105.215225,598.6900019999999,114.699997,750.530029,52.312279
2016-03-31,104.667839,593.6400150000001,114.099998,744.950012,52.48333
2016-04-01,105.62818899999999,598.5,116.059998,749.909973,52.806422999999995
2016-04-04,106.713379,593.1900019999999,112.550003,745.289978,52.673382
2016-04-05,105.455322,586.1400150000001,112.220001,737.799988,51.846645
2016-04-06,106.55972299999999,602.080017,113.709999,745.6900019999999,52.378792
2016-04-07,104.23569499999999,591.429993,113.639999,740.280029,51.751616999999996
2016-04-08,104.350922,594.599976,110.629997,739.150024,51.713608
2016-04-11,104.69664,595.929993,108.989998,736.099976,51.609081
2016-04-12,106.06033300000001,603.169983,110.610001,743.090027,51.932171000000004
2016-04-13,107.596893,614.820007,110.510002,751.719971,52.597363
2016-04-14,107.65451000000002,620.75,110.839996,753.200012,52.606861
2016-04-15,105.49373600000001,625.8900150000001,109.639999,759.0,52.882445999999995
2016-04-18,103.217735,635.349976,110.449997,766.6099849999999,53.652161
2016-04-19,102.67031899999999,627.900024,112.290001,753.929993,53.585636
2016-04-20,102.881599,632.98999,112.41999799999999,752.669983,52.825428
2016-04-21,101.767609,631.0,113.440002,759.1400150000001,53.005974
2016-04-22,101.489113,620.5,110.559998,718.77002,49.204899
2016-04-25,100.912903,626.200012,110.099998,723.150024,49.51849
2016-04-26,100.211845,616.880005,108.760002,708.1400150000001,48.881813
2016-04-27,93.94079599999999,606.570007,108.889999,705.840027,48.406677
2016-04-28,91.06938199999999,602.0,116.730003,691.02002,47.418392
2016-04-29,90.022591,659.590027,117.58000200000001,693.01001,47.389889000000004
2016-05-02,89.926582,683.849976,118.57,698.210022,48.093086
2016-05-03,91.405487,671.320007,117.43,692.3599849999999,47.304363
2016-05-04,90.45476500000001,670.900024,118.059998,695.700012,47.389889000000004
2016-05-05,90.087601,659.090027,117.809998,701.429993,47.456409
2016-05-06,89.58519,673.950012,119.489998,711.119995,47.884021999999995
2016-05-09,89.652824,679.75,119.239998,712.900024,47.579945
2016-05-10,90.261513,703.070007,120.5,723.179993,48.4827
2016-05-11,89.382286,713.22998,119.519997,715.289978,48.511208
2016-05-12,87.285637,717.929993,120.279999,713.3099980000001,48.94833
2016-05-13,87.459572,709.919983,119.809998,710.830017,48.539715
2016-05-16,90.705963,710.659973,118.66999799999999,716.48999,49.252419
2016-05-17,90.32914699999999,695.27002,117.349998,706.22998,48.333775
2016-05-18,91.362984,697.450012,117.650002,706.630005,48.620857
2016-05-19,91.01514399999999,698.52002,116.809998,700.320007,48.151962
2016-05-20,92.000664,702.799988,117.349998,709.73999,48.439037
2016-05-23,93.16974599999999,696.75,115.970001,704.23999,47.874458000000004
2016-05-24,94.590057,704.200012,117.699997,720.090027,49.367249
2016-05-25,96.25190699999999,708.349976,117.889999,725.27002,49.874409
2016-05-26,97.01519,714.909973,119.470001,724.119995,49.65432
2016-05-27,96.95721400000001,712.23999,119.379997,732.659973,50.065796
2016-05-31,96.48378000000001,722.789978,118.809998,735.719971,50.716496
2016-06-01,95.131126,719.4400019999999,118.779999,734.150024,50.572956
2016-06-02,94.416138,728.23999,118.93,730.400024,50.218906
2016-06-03,94.609375,725.539978,118.470001,722.340027,49.558628000000006
2016-06-06,95.295364,726.72998,118.790001,716.549988,49.883984000000005
2016-06-07,95.68184699999999,723.73999,117.760002,716.650024,49.855270000000004
2016-06-08,95.594902,726.6400150000001,118.389999,728.280029,49.797863
2016-06-09,96.280899,727.650024,118.559998,728.580017,49.39595
2016-06-10,95.488617,717.909973,116.620003,719.409973,49.261982
2016-06-13,94.048996,715.23999,113.949997,718.3599849999999,47.979713000000004
2016-06-14,94.164932,719.299988,114.940002,718.27002,47.683079
2016-06-15,93.855766,714.26001,114.599998,718.919983,47.54911
2016-06-16,94.251892,717.51001,114.389999,710.3599849999999,48.218941
2016-06-17,92.106941,706.3900150000001,113.019997,691.719971,47.970154
2016-06-20,91.88472,714.01001,113.370003,693.710022,47.912739
2016-06-21,92.66733599999999,715.820007,114.379997,695.9400019999999,48.984478
2016-06-22,92.31950400000001,710.599976,113.910004,697.460022,48.793098
2016-06-23,92.850914,722.080017,115.08000200000001,701.869995,49.673458000000004
2016-06-24,90.242188,698.960022,112.08000200000001,675.219971,47.683079
2016-06-27,88.928177,691.3599849999999,108.970001,668.26001,46.343391
2016-06-28,90.425781,707.950012,112.699997,680.039978,47.309878999999995
2016-06-29,91.20839699999999,715.599976,114.160004,684.1099849999999,48.362488
2016-06-30,92.367805,715.619995,114.279999,692.099976,48.965343
2016-07-01,92.64801,725.679993,114.190002,699.210022,48.955771999999996
2016-07-05,91.778442,728.099976,114.199997,694.950012,48.965343
2016-07-06,92.30017099999999,737.6099849999999,116.699997,697.77002,49.166294
2016-07-07,92.696312,736.570007,115.849998,695.3599849999999,49.166294
2016-07-08,93.411301,745.8099980000001,117.239998,705.630005,50.04665
2016-07-11,93.701157,753.780029,117.870003,715.090027,50.324162
2016-07-12,94.12628199999999,748.210022,117.93,720.6400150000001,50.91745
2016-07-13,93.594872,742.630005,116.779999,716.97998,51.204516999999996
2016-07-14,95.449966,741.200012,117.290001,720.950012,51.424614
2016-07-15,95.4403,735.4400019999999,116.860001,719.849976,51.386337
2016-07-18,96.454803,736.070007,119.370003,733.780029,51.635135999999996
2016-07-19,96.493454,739.950012,120.610001,736.960022,50.802620000000005
2016-07-20,96.580414,745.719971,121.91999799999999,741.1900019999999,53.501114
2016-07-21,96.068329,744.429993,120.610001,738.630005,53.395858999999994
2016-07-22,95.324364,744.8599849999999,121.0,742.73999,54.13268299999999
2016-07-25,94.048996,739.6099849999999,121.629997,739.77002,54.285786
2016-07-26,93.401634,735.590027,121.220001,738.419983,54.314491000000004
2016-07-27,99.469307,736.669983,123.339996,741.77002,53.769051
2016-07-28,100.81231700000001,752.6099849999999,125.0,745.909973,53.788197
2016-07-29,100.686714,758.8099980000001,123.940002,768.789978,54.237942000000004
2016-08-01,102.464508,767.73999,124.309998,772.880005,54.14225
2016-08-02,100.947594,760.580017,123.089996,771.070007,54.14225
2016-08-03,102.213295,754.6400150000001,122.510002,773.179993,54.515446
2016-08-04,102.844727,760.77002,124.360001,771.6099849999999,54.91735500000001
2016-08-05,104.408714,765.97998,125.150002,782.219971,55.462791
2016-08-08,105.27328500000002,766.5599980000001,125.260002,781.76001,55.558482999999995
2016-08-09,105.70071399999999,768.3099980000001,125.059998,784.26001,55.692459
2016-08-10,104.913849,768.5599980000001,124.879997,784.679993,55.52021
2016-08-11,104.845863,771.23999,124.900002,784.849976,55.788143000000005
2016-08-12,105.088715,772.5599980000001,124.879997,783.219971,55.443656999999995
2016-08-15,106.35157,768.48999,123.900002,782.4400019999999,55.615898
2016-08-16,106.254425,764.039978,123.300003,777.1400150000001,55.30777
2016-08-17,106.098991,764.630005,124.370003,779.909973,55.423325
2016-08-18,105.962997,764.460022,123.910004,777.5,55.461845
2016-08-19,106.23498500000001,757.3099980000001,123.559998,775.419983,55.481091000000006
2016-08-22,105.40928600000001,759.47998,124.150002,772.150024,55.529236
2016-08-23,105.73955500000001,762.450012,124.370003,772.080017,55.741074
2016-08-24,104.943001,757.25,123.480003,769.6400150000001,55.798843000000005
2016-08-25,104.496147,759.219971,123.889999,769.409973,56.010674
2016-08-26,103.88414,769.0,124.959999,769.539978,55.875877
2016-08-29,103.767578,771.289978,126.540001,772.150024,55.943279000000004
2016-08-30,102.971016,767.580017,125.839996,769.090027,55.741074
2016-08-31,103.06815300000001,769.159973,126.120003,767.049988,55.327034
2016-09-01,103.680153,770.619995,126.16999799999999,768.780029,55.452208999999996
2016-09-02,104.651573,772.4400019999999,126.510002,771.460022,55.529236
2016-09-06,104.622429,788.869995,129.729996,780.080017,55.47147
2016-09-07,105.26356499999999,784.47998,131.050003,780.349976,55.519615
2016-09-08,102.504723,784.0599980000001,130.270004,775.320007,55.298145
2016-09-09,100.183022,760.1400150000001,127.099998,759.659973,54.12344
2016-09-12,102.42701,771.48999,128.690002,769.02002,54.932258999999995
2016-09-13,104.865273,761.01001,127.209999,759.6900019999999,54.431561
2016-09-14,108.576126,761.090027,127.769997,762.48999,54.171581
2016-09-15,112.26754,769.6900019999999,128.350006,771.76001,55.067055
2016-09-16,111.636124,778.52002,129.070007,768.880005,55.124832
2016-09-19,110.334419,775.099976,128.649994,765.700012,54.816711
2016-09-20,110.324692,780.219971,128.639999,771.409973,54.701164
2016-09-21,110.305275,789.73999,129.940002,776.219971,55.615902
2016-09-22,111.344696,804.700012,130.080002,787.210022,55.673671999999996
2016-09-23,109.489258,805.75,127.959999,786.900024,55.298145
2016-09-26,109.65441100000001,799.159973,127.309998,774.210022,54.78783000000001
2016-09-27,109.858406,816.1099849999999,128.690002,783.01001,55.798843000000005
2016-09-28,110.69384,828.719971,129.229996,781.5599980000001,55.875877
2016-09-29,108.97440300000001,829.049988,128.08999599999999,775.01001,55.269264
2016-09-30,109.81955,837.3099980000001,128.270004,777.289978,55.461845
2016-10-03,109.30468799999998,836.73999,128.770004,772.5599980000001,55.288517000000006
2016-10-04,109.770973,834.030029,128.190002,776.429993,55.115207999999996
2016-10-05,109.81955,844.3599849999999,128.470001,776.469971,55.500355000000006
2016-10-06,110.635551,841.659973,128.740005,776.8599849999999,55.596644999999995
2016-10-07,110.80068200000001,839.429993,128.990005,775.080017,55.654410999999996
2016-10-10,112.733818,841.7100220000001,130.240005,785.9400019999999,55.88550600000001
2016-10-11,112.976685,831.0,128.880005,783.070007,55.067055
2016-10-12,113.98696899999999,834.090027,129.050003,786.1400150000001,54.990028
2016-10-13,113.637253,829.280029,127.82,778.1900019999999,54.807083
2016-10-14,114.26866100000001,822.960022,127.879997,778.530029,55.288517000000006
2016-10-17,114.190964,812.950012,127.540001,779.960022,55.09594
2016-10-18,114.113251,817.650024,128.570007,795.26001,55.519615
2016-10-19,113.773247,817.6900019999999,130.110001,801.5,55.394431999999995
2016-10-20,113.71495800000001,810.320007,130.0,796.969971,55.124832
2016-10-21,113.268097,818.98999,132.070007,799.369995,57.44537
2016-10-24,114.288109,838.090027,133.279999,813.1099849999999,58.735626
2016-10-25,114.870956,835.179993,132.28999299999998,807.669983,58.726002
2016-10-26,112.286957,822.590027,131.03999299999998,799.070007,58.37936
2016-10-27,111.20868700000001,818.3599849999999,129.690002,795.349976,57.869034
2016-10-28,110.470398,776.320007,131.28999299999998,795.369995,57.647572
2016-10-31,110.29553999999999,789.820007,130.990005,784.539978,57.695721
2016-11-01,108.30413100000001,785.409973,129.5,783.6099849999999,57.580177
2016-11-02,108.401276,765.5599980000001,127.16999799999999,768.700012,57.223907
2016-11-03,107.239349,767.030029,120.0,762.130005,57.012074
2016-11-04,106.272697,755.049988,120.75,762.02002,56.530636
2016-11-07,107.805664,784.929993,122.150002,782.52002,58.177155000000006
2016-11-08,108.44031499999998,787.75,124.220001,790.51001,58.2253
2016-11-09,108.264572,771.880005,123.18,785.3099980000001,57.936436
2016-11-10,105.24746699999999,742.380005,120.800003,762.5599980000001,56.521007999999995
2016-11-11,105.872368,739.01001,119.019997,754.02002,56.829131999999994
2016-11-14,103.216522,719.070007,115.08000200000001,736.080017,55.962531999999996
2016-11-15,104.583504,743.23999,117.199997,758.48999,57.067634999999996
2016-11-16,107.39556100000001,746.48999,116.339996,764.47998,57.82375699999999
2016-11-17,107.35650600000001,756.400024,117.790001,771.22998,58.783446999999995
2016-11-18,107.463921,760.159973,117.019997,760.539978,58.502323
2016-11-21,109.094528,780.0,121.769997,769.200012,58.996708
2016-11-22,109.162872,785.330017,121.470001,768.27002,59.24874499999999
2016-11-23,108.606323,780.119995,120.839996,760.98999,58.550796999999996
2016-11-25,109.153107,780.369995,120.379997,761.679993,58.676807
2016-11-28,108.938301,766.77002,120.410004,768.23999,58.75436
2016-11-29,108.830894,762.52002,120.870003,770.840027,59.219662
2016-11-30,107.913071,750.570007,118.41999799999999,758.039978,58.415073
2016-12-01,106.90735600000001,743.650024,115.099998,747.919983,57.387524
2016-12-02,107.307686,740.340027,115.400002,750.5,57.435997
2016-12-05,106.53631599999999,759.3599849999999,117.43,762.52002,58.376307999999995
2016-12-06,107.35650600000001,764.719971,117.309998,759.1099849999999,58.114567
2016-12-07,108.41103400000001,770.419983,117.949997,771.1900019999999,59.491096
2016-12-08,109.475334,767.330017,118.910004,776.419983,59.142113
2016-12-09,111.26215400000001,768.659973,119.68,789.289978,60.072722999999996
2016-12-12,110.627495,760.119995,117.769997,789.27002,60.266597999999995
2016-12-13,112.472916,774.340027,120.309998,796.099976,61.051795999999996
2016-12-14,112.472916,768.820007,120.209999,797.070007,60.760985999999995
2016-12-15,113.088043,761.0,120.57,797.849976,60.664047
2016-12-16,113.23451200000001,757.77002,119.870003,790.799988,60.392612
2016-12-19,113.88871,766.0,119.239998,794.200012,61.67220699999999
2016-12-20,114.191406,771.219971,119.089996,796.419983,61.594657999999995
2016-12-21,114.298805,770.599976,119.040001,794.5599980000001,61.594657999999995
2016-12-22,113.546967,766.340027,117.400002,791.26001,61.604351
2016-12-23,113.77153,760.590027,117.269997,789.909973,61.30384399999999
2016-12-27,114.49408700000001,771.400024,118.010002,791.549988,61.342608999999996
2016-12-28,114.005882,772.130005,116.91999799999999,785.049988,61.061493000000006
2016-12-29,113.97658500000001,765.150024,116.349998,782.789978,60.974251
2016-12-30,113.088043,749.869995,115.050003,771.820007,60.237511
2017-01-03,113.41026299999999,753.669983,116.860001,786.1400150000001,60.664047
2017-01-04,113.28333300000001,757.179993,118.690002,786.900024,60.392612
2017-01-05,113.859421,780.450012,120.66999799999999,794.02002,60.392612
2017-01-06,115.12876100000001,795.98999,123.410004,806.150024,60.916084
2017-01-09,116.183273,796.919983,124.900002,806.650024,60.72220600000001
2017-01-10,116.30043799999999,795.900024,124.349998,804.789978,60.702819999999996
2017-01-11,116.92534599999999,799.02002,126.089996,807.909973,61.25536700000001
2017-01-12,116.437141,813.6400150000001,126.620003,806.3599849999999,60.693130000000004
2017-01-13,116.232101,817.1400150000001,128.33999599999999,807.880005,60.780376000000004
2017-01-17,117.169449,809.719971,127.870003,804.6099849999999,60.615578
2017-01-18,117.159683,807.47998,127.91999799999999,806.070007,60.586498
2017-01-19,116.95463600000001,809.039978,127.550003,802.174988,60.392612
2017-01-20,117.169449,808.330017,127.040001,805.02002,60.819148999999996
2017-01-23,117.24756599999999,817.880005,128.929993,819.3099980000001,61.03241
2017-01-24,117.14016000000001,822.4400019999999,129.369995,823.869995,61.575272
2017-01-25,119.005104,836.52002,131.479996,835.669983,61.730373
2017-01-26,119.063698,839.150024,132.779999,832.150024,62.302299
2017-01-27,119.07345600000001,835.77002,132.179993,823.3099980000001,63.766079000000005
2017-01-30,118.761009,830.380005,130.979996,802.320007,63.135967
2017-01-31,118.487602,823.47998,130.320007,796.789978,62.670673
2017-02-01,125.71305100000001,832.349976,133.229996,795.695007,61.633433999999994
2017-02-02,125.498253,839.9500119999999,130.83999599999999,798.530029,61.235981
2017-02-03,126.03526299999999,810.200012,130.979996,801.48999,61.730373
2017-02-06,127.21672099999999,807.6400150000001,132.059998,801.340027,61.691596999999994
2017-02-07,128.427475,812.5,131.83999599999999,806.969971,61.488026
2017-02-08,128.925446,819.710022,134.199997,808.380005,61.400783999999994
2017-02-09,129.857056,821.3599849999999,134.139999,809.5599980000001,62.098732
2017-02-10,129.56286599999999,827.460022,134.190002,813.669983,62.040577
2017-02-13,130.71018999999998,836.530029,134.050003,819.23999,62.738533
2017-02-14,132.406754,836.3900150000001,133.850006,820.450012,62.972595
2017-02-15,132.88725300000002,842.7000119999999,133.440002,818.97998,62.933578000000004
2017-02-16,132.730377,844.1400150000001,133.83999599999999,824.159973,62.923823999999996
2017-02-17,133.09321599999998,845.070007,133.529999,828.070007,63.02135500000001
2017-02-21,134.054214,856.4400019999999,133.720001,831.659973,62.894569
2017-02-22,134.456299,855.6099849999999,136.119995,830.76001,62.767784
2017-02-23,133.88751200000002,852.1900019999999,135.360001,831.330017,63.02135500000001
2017-02-24,134.01501499999998,845.23999,135.440002,828.6400150000001,63.02135500000001
2017-02-27,134.279785,848.6400150000001,136.41000400000001,829.280029,62.641006000000004
2017-02-28,134.33862299999998,845.0399779999999,135.53999299999998,823.210022,62.397186
2017-03-01,137.08441200000001,853.080017,137.419998,835.23999,63.333443
2017-03-02,136.270508,848.909973,136.759995,830.630005,62.426449
2017-03-03,137.074615,849.8800050000001,137.169998,829.080017,62.660503000000006
2017-03-06,136.643127,846.6099849999999,137.419998,827.780029,62.680007999999994
2017-03-07,136.819656,846.0200199999999,137.300003,831.909973,62.806801
2017-03-08,136.309723,850.5,137.720001,835.369995,63.382197999999995
2017-03-09,135.995895,853.0,138.240005,838.679993,63.128631999999996
2017-03-10,136.44700600000002,852.4600220000001,138.78999299999998,843.25,63.32368100000001
2017-03-13,136.505829,854.590027,139.600006,845.5399779999999,63.109127
2017-03-14,136.299911,852.5300289999999,139.320007,845.6199949999999,62.816551000000004
2017-03-15,137.74147,852.9699710000001,139.720001,847.2000119999999,63.148140000000005
2017-03-16,137.96698,853.419983,139.990005,848.7800289999999,63.040863
2017-03-17,137.280563,852.3099980000001,139.83999599999999,852.1199949999999,63.265170999999995
2017-03-20,138.72212199999998,856.9699710000001,139.940002,848.400024,63.32368100000001
2017-03-21,137.133453,843.2000119999999,138.509995,830.460022,62.621497999999995
2017-03-22,138.682877,848.0599980000001,139.58999599999999,829.590027,63.421206999999995
2017-03-23,138.192551,847.3800050000001,139.529999,817.580017,63.265170999999995
2017-03-24,137.91798400000002,845.6099849999999,140.33999599999999,814.429993,63.372452
2017-03-27,138.15333600000002,846.820007,140.320007,819.51001,63.489475
2017-03-28,141.01681499999998,856.0,141.759995,820.919983,63.674778
2017-03-29,141.330612,874.320007,142.649994,831.409973,63.85031899999999
2017-03-30,141.14428700000002,876.340027,142.41000400000001,831.5,64.084396
2017-03-31,140.879517,886.5399779999999,142.050003,829.5599980000001,64.230675
2017-04-03,140.91876200000002,891.51001,142.279999,838.549988,63.928349
2017-04-04,141.96803300000002,906.830017,141.729996,834.570007,64.10390500000001
2017-04-05,141.232559,909.2800289999999,141.850006,831.409973,63.938095
2017-04-06,140.879517,898.2800289999999,141.169998,827.880005,64.10390500000001
2017-04-07,140.565704,894.8800050000001,140.779999,824.669983,64.055138
2017-04-10,140.399017,907.0399779999999,141.03999299999998,824.72998,63.908840000000005
2017-04-11,138.888809,902.3599849999999,139.919998,823.349976,63.86008100000001
2017-04-12,139.055542,896.2299800000001,139.580002,824.320007,63.616261
2017-04-13,138.32003799999998,884.669983,139.389999,823.5599980000001,63.343189
2017-04-17,139.084946,901.98999,141.419998,837.169983,63.86008100000001
2017-04-18,138.46713300000002,903.7800289999999,140.96000700000002,836.820007,63.772312
2017-04-19,137.957184,899.2000119999999,142.270004,838.210022,63.430969
2017-04-20,139.683151,902.0599980000001,143.800003,841.650024,63.87958100000001
2017-04-21,139.516418,898.5300289999999,143.679993,843.1900019999999,64.757317
2017-04-24,140.85990900000002,907.409973,145.470001,862.76001,65.85936
2017-04-25,141.732681,907.6199949999999,146.490005,872.2999880000001,66.239723
2017-04-26,140.899139,909.2899779999999,146.559998,871.7299800000001,66.151939
2017-04-27,141.007004,918.3800050000001,147.699997,874.25,66.581055
2017-04-28,140.869705,924.98999,150.25,905.9600220000001,66.76635
2017-05-01,143.74301100000002,948.2299800000001,152.46000700000002,912.570007,67.692863
2017-05-02,144.654999,946.9400019999999,152.779999,916.4400019999999,67.585571
2017-05-03,144.21371499999998,941.0300289999999,151.800003,927.0399779999999,67.371025
2017-05-04,143.693954,937.5300289999999,150.850006,931.659973,67.107697
2017-05-05,146.07693500000002,934.150024,150.240005,927.1300050000001,67.292992
2017-05-08,150.04853799999998,949.0399779999999,151.059998,934.2999880000001,67.234482
2017-05-09,151.009598,952.820007,150.479996,932.169983,67.332008
2017-05-10,150.293716,948.9500119999999,150.28999299999998,928.7800289999999,67.595329
2017-05-11,151.593491,947.6199949999999,150.03999299999998,930.599976,66.76635
2017-05-12,153.710602,961.349976,150.330002,932.2199710000001,66.68833199999999
2017-05-15,153.31672700000001,957.9699710000001,150.190002,937.080017,66.737099
2017-05-16,153.090256,966.070007,149.779999,943.0,68.080872
2017-05-17,147.95015,944.76001,144.850006,919.6199949999999,66.18782
2017-05-18,150.20507800000001,958.48999,147.66000400000001,930.23999,66.413414
2017-05-19,150.71713300000002,959.840027,148.059998,934.01001,66.39380600000001
2017-05-22,151.632904,970.669983,148.240005,941.8599849999999,67.139236
2017-05-23,151.445801,971.5399779999999,148.070007,948.820007,67.364853
2017-05-24,150.992844,980.349976,150.03999299999998,954.9600220000001,67.45311
2017-05-25,151.514725,993.3800050000001,151.96000700000002,969.5399779999999,68.28685
2017-05-26,151.258728,995.7800289999999,152.130005,971.4699710000001,68.62033100000001
2017-05-30,151.317795,996.7000119999999,152.380005,975.8800050000001,69.061729
2017-05-31,150.421722,994.6199949999999,151.46000700000002,964.8599849999999,68.50263199999999
2017-06-01,150.835281,995.9500119999999,151.529999,966.9500119999999,68.75765200000001
2017-06-02,153.070541,1006.7299800000001,153.610001,975.599976,70.385864
2017-06-05,151.57380700000002,1011.340027,153.630005,983.679993,70.895905
2017-06-06,152.085846,1003.0,152.809998,976.570007,71.131302
2017-06-07,152.991776,1010.070007,153.119995,980.9400019999999,71.003807
2017-06-08,152.61758400000002,1010.2700199999999,154.71000700000002,983.409973,70.57222
2017-06-09,146.69957,978.3099980000001,149.600006,949.830017,68.973434
2017-06-12,143.19409199999998,964.909973,148.440002,942.900024,68.443779
2017-06-13,144.34616100000002,980.7899779999999,150.679993,953.400024,69.297127
2017-06-14,142.938065,976.4699710000001,150.25,950.76001,68.92439300000001
2017-06-15,142.08136000000002,964.169983,149.800003,942.3099980000001,68.561485
2017-06-16,140.0923,987.7100220000001,150.639999,939.7800289999999,68.65956899999999
2017-06-19,144.099991,995.169983,152.869995,957.3699949999999,69.512909
2017-06-20,142.790359,992.590027,152.25,950.6300050000001,68.57128900000001
2017-06-21,143.637177,1002.2299800000001,153.91000400000001,959.4500119999999,68.92439300000001
2017-06-22,143.400879,1001.2999880000001,153.399994,957.090027,68.914589
2017-06-23,144.040924,1003.73999,155.070007,965.590027,69.846397
2017-06-26,143.587967,993.9799800000001,153.58999599999999,952.2700199999999,69.17942
2017-06-27,141.529938,976.7800289999999,150.580002,927.330017,67.884689
2017-06-28,143.597794,990.330017,153.240005,940.48999,68.463402
2017-06-29,141.48071299999998,975.929993,151.03999299999998,917.7899779999999,67.17848199999999
2017-06-30,141.815506,968.0,150.979996,908.7299800000001,67.610054
2017-07-03,141.30346699999998,953.659973,148.429993,898.7000119999999,66.864609
2017-07-05,141.88443,971.400024,150.33999599999999,911.7100220000001,67.757187
2017-07-06,140.54525800000002,965.1400150000001,148.820007,906.6900019999999,67.25695
2017-07-07,141.973053,978.76001,151.440002,918.590027,68.129906
2017-07-10,142.839584,996.4699710000001,153.5,928.7999880000001,68.639961
2017-07-11,143.302399,994.1300050000001,155.270004,930.090027,68.649765
2017-07-12,143.509186,1006.51001,158.899994,943.830017,69.787552
2017-07-13,145.508102,1000.6300050000001,159.259995,947.159973,70.39565999999999
2017-07-14,146.75863600000002,1001.8099980000001,159.970001,955.98999,71.38633
2017-07-17,147.27070600000002,1010.0399779999999,159.729996,953.419983,71.945412
2017-07-18,147.78276100000002,1024.449951,162.860001,965.400024,71.896385
2017-07-19,148.708359,1026.869995,164.139999,970.8900150000001,72.44564799999999
2017-07-20,148.038757,1028.699951,164.529999,968.150024,72.79875899999999
2017-07-21,147.969849,1025.670044,164.429993,972.919983,72.376991
2017-07-24,149.761978,1038.949951,166.0,980.340027,72.190636
2017-07-25,150.402039,1039.869995,165.279999,950.7000119999999,72.76933299999999
2017-07-26,151.111023,1052.800049,165.610001,947.7999880000001,72.632011
2017-07-27,148.255402,1046.0,170.440002,934.090027,71.759064
2017-07-28,147.211624,1020.0399779999999,172.449997,941.5300289999999,71.641357
2017-07-31,146.4534,987.7800289999999,169.25,930.5,71.307861
2017-08-01,147.753204,996.1900019999999,169.860001,930.830017,71.19017
2017-08-02,154.73466499999998,995.8900150000001,169.300003,930.3900150000001,70.876297
2017-08-03,153.188705,986.919983,168.58999599999999,923.650024,70.76840200000001
2017-08-04,153.99614,987.580017,169.619995,927.9600220000001,71.288246
2017-08-07,156.37912,992.2700199999999,171.979996,929.3599849999999,71.01361800000001
2017-08-08,157.629684,989.840027,171.229996,926.7899779999999,71.396149
2017-08-09,158.594666,982.01001,171.179993,922.900024,71.082275
2017-08-10,153.543152,956.919983,167.399994,907.23999,70.04257199999999
2017-08-11,155.678436,967.98999,168.080002,914.3900150000001,71.111694
2017-08-14,158.02131699999998,983.2999880000001,170.75,922.669983,72.180817
2017-08-15,159.751297,982.73999,171.0,922.2199710000001,72.200539
2017-08-16,159.108719,978.179993,170.0,926.9600220000001,72.624557
2017-08-17,156.054092,960.570007,166.91000400000001,910.9799800000001,71.391968
2017-08-18,155.698212,958.4699710000001,167.41000400000001,910.669983,71.480705
2017-08-21,155.41153,953.2899779999999,167.779999,906.659973,71.145439
2017-08-22,157.95211799999998,966.900024,169.639999,924.6900019999999,72.14138
2017-08-23,158.149826,958.0,168.71000700000002,927.0,71.707504
2017-08-24,157.44795200000002,952.4500119999999,167.740005,921.2800289999999,71.677925
2017-08-25,158.03118899999998,945.26001,166.320007,915.8900150000001,71.806107
2017-08-28,159.62278700000002,946.0200199999999,167.240005,913.8099980000001,71.815979
2017-08-29,161.046326,954.0599980000001,168.050003,921.2899779999999,72.032913
2017-08-30,161.481277,967.590027,169.919998,929.570007,72.979546
2017-08-31,162.12384,980.599976,171.970001,939.330017,73.72895799999999
2017-09-01,162.173279,978.25,172.020004,937.340027,72.910522
2017-09-05,160.22581499999998,965.2700199999999,170.720001,928.4500119999999,72.58510600000001
2017-09-06,160.05775500000001,967.7999880000001,172.08999599999999,927.8099980000001,72.37804399999999
2017-09-07,159.415192,979.4699710000001,173.21000700000002,935.9500119999999,73.304947
2017-09-08,156.815277,965.900024,170.949997,926.5,72.949966
2017-09-11,159.652451,977.9600220000001,173.509995,929.080017,73.719109
2017-09-12,159.01976000000002,982.580017,172.96000700000002,932.070007,73.640221
2017-09-13,157.823593,999.599976,173.050003,935.090027,74.162834
2017-09-14,156.469269,992.2100220000001,170.96000700000002,925.1099849999999,73.72895799999999
2017-09-15,158.050964,986.7899779999999,171.639999,920.2899779999999,74.261444
2017-09-18,156.85481299999998,974.1900019999999,170.009995,915.0,74.113541
2017-09-19,156.914124,969.8599849999999,172.520004,921.8099980000001,74.38963299999999
2017-09-20,154.284561,973.2100220000001,172.169998,931.580017,73.896599
2017-09-21,151.635208,964.650024,171.110001,932.4500119999999,73.17675799999999
2017-09-22,150.15239,955.099976,170.53999299999998,928.5300289999999,73.37397800000001
2017-09-25,148.827698,939.7899779999999,162.869995,920.9699710000001,72.239983
2017-09-26,151.38806200000002,938.599976,164.21000700000002,924.8599849999999,72.239983
2017-09-27,152.465607,950.8699949999999,167.679993,944.48999,72.82177
2017-09-28,151.526474,956.400024,168.729996,949.5,72.841492
2017-09-29,152.35685700000002,961.349976,170.869995,959.1099849999999,73.45285799999999
2017-10-02,152.050415,959.1900019999999,169.470001,953.2700199999999,73.57119
2017-10-03,152.712738,957.099976,169.96000700000002,957.7899779999999,73.226067
2017-10-04,151.724197,965.4500119999999,168.419998,951.679993,73.65007800000001
2017-10-05,153.612335,980.849976,171.240005,969.9600220000001,74.912254
2017-10-06,153.52336100000002,989.580017,172.229996,978.8900150000001,74.941841
2017-10-09,154.057175,990.98999,172.5,977.0,75.22779799999999
2017-10-10,154.116486,987.2000119999999,171.58999599999999,972.599976,75.22779799999999
2017-10-11,154.759079,995.0,172.740005,989.25,75.355988
2017-10-12,154.215363,1000.929993,172.550003,987.830017,76.046249
2017-10-13,155.194031,1002.9400019999999,173.740005,989.679993,76.41109499999999
2017-10-16,158.050964,1006.340027,174.520004,992.0,76.56886300000001
2017-10-17,158.63421599999998,1009.1300050000001,176.110001,992.179993,76.509697
2017-10-18,157.932343,997.0,176.029999,992.8099980000001,76.529427
2017-10-19,154.195572,986.6099849999999,174.559998,984.4500119999999,76.825249
2017-10-20,154.462494,982.909973,174.979996,988.2000119999999,77.71270799999999
2017-10-23,154.383408,966.2999880000001,171.270004,968.4500119999999,77.732437
2017-10-24,155.302765,975.900024,171.800003,970.5399779999999,77.762024
2017-10-25,154.62068200000002,972.909973,170.600006,973.330017,77.535217
2017-10-26,155.609222,972.429993,170.630005,972.5599980000001,77.66340600000001
2017-10-27,161.184708,1100.949951,177.880005,1019.2700199999999,82.643105
2017-10-30,164.812729,1110.849976,179.869995,1017.1099849999999,82.721985
2017-10-31,167.106186,1105.280029,180.059998,1016.6400150000001,82.021866
2017-11-01,164.980774,1103.680054,182.66000400000001,1025.5,82.021866
2017-11-02,166.18682900000002,1094.219971,178.919998,1025.579956,82.879761
2017-11-03,170.52659599999998,1111.599976,178.919998,1032.47998,82.968498
2017-11-06,172.256577,1120.660034,180.169998,1025.900024,83.29390699999999
2017-11-07,172.81016499999998,1123.170044,180.25,1033.329956,83.096687
2017-11-08,174.22383100000002,1132.880005,179.559998,1039.849976,83.38265200000001
2017-11-09,173.86795,1129.130005,179.300003,1031.26001,82.919197
2017-11-10,173.29251100000002,1125.349976,178.46000700000002,1028.069946,82.702271
2017-11-13,172.598022,1129.170044,178.770004,1025.75,82.761429
2017-11-14,169.988754,1136.839966,178.070007,1026.0,82.879761
2017-11-15,167.74658200000002,1126.689941,177.949997,1020.909973,82.235588
2017-11-16,169.75067099999998,1137.290039,179.58999599999999,1032.5,82.453613
2017-11-17,168.808151,1129.880005,179.0,1019.090027,81.66078900000001
2017-11-20,168.639496,1126.310059,178.740005,1018.3800050000001,81.789627
2017-11-21,171.774567,1139.48999,181.860001,1034.48999,82.968948
2017-11-22,173.580231,1156.160034,180.869995,1035.959961,82.364426
2017-11-24,173.590149,1186.0,182.779999,1040.609985,82.513077
2017-11-27,172.717072,1195.829956,183.029999,1054.209961,83.11760699999999
2017-11-28,171.705139,1193.599976,182.419998,1047.410034,84.118538
2017-11-29,168.14343300000002,1161.27002,175.130005,1021.659973,82.592354
2017-11-30,170.494751,1176.75,177.179993,1021.409973,83.414909
2017-12-01,169.70105,1162.349976,175.100006,1010.169983,83.50410500000001
2017-12-04,168.460922,1133.949951,171.470001,998.679993,80.352631
2017-12-05,168.30217,1141.569946,172.830002,1005.150024,80.858047
2017-12-06,167.67713899999998,1152.349976,176.059998,1018.3800050000001,82.037376
2017-12-07,167.984711,1159.790039,180.139999,1030.930054,81.749977
2017-12-08,168.034302,1162.0,179.0,1037.050049,83.405006
2017-12-11,171.308289,1168.920044,179.03999299999998,1041.099976,84.465401
2017-12-12,170.345932,1165.079956,176.96000700000002,1040.47998,84.812263
2017-12-13,170.91143799999998,1164.130005,178.300003,1040.609985,84.584328
2017-12-14,170.861832,1174.26001,178.389999,1049.150024,83.930252
2017-12-15,172.598022,1179.140015,180.179993,1064.189941,86.07086899999999
2017-12-18,175.028717,1190.579956,180.820007,1077.140015,85.60508
2017-12-19,173.163528,1187.380005,179.509995,1070.680054,85.06002
2017-12-20,172.97503700000001,1177.619995,177.889999,1064.949951,84.752792
2017-12-21,173.629822,1174.76001,177.449997,1063.630005,84.732979
2017-12-22,173.629822,1168.359985,177.199997,1060.119995,84.742889
2017-12-26,169.22483799999998,1176.76001,175.990005,1056.73999,84.633873
2017-12-27,169.25460800000002,1182.26001,177.619995,1049.369995,84.94109300000001
2017-12-28,169.73082,1186.099976,177.919998,1048.140015,84.951004
2017-12-29,167.89541599999998,1169.469971,176.46000700000002,1046.400024,84.772621
2018-01-02,170.90150500000001,1189.01001,181.419998,1065.0,85.17894
2018-01-03,170.871735,1204.199951,184.669998,1082.47998,85.575356
2018-01-04,171.665436,1209.589966,184.330002,1086.400024,86.328537
2018-01-05,173.619904,1229.140015,186.850006,1102.22998,87.398849
2018-01-08,172.97503700000001,1246.869995,188.279999,1106.939941,87.488037
2018-01-09,172.9552,1252.699951,187.869995,1106.26001,87.42858100000001
2018-01-10,172.915497,1254.329956,187.83999599999999,1102.609985,87.032166
2018-01-11,173.897705,1276.680054,187.770004,1105.52002,87.289833
2018-01-12,175.69342,1305.199951,179.369995,1122.26001,88.796204
2018-01-16,174.80053700000002,1304.859985,178.389999,1121.76001,87.557411
2018-01-17,177.687576,1295.0,177.600006,1131.97998,89.331352
2018-01-18,177.84631299999998,1293.319946,179.800003,1129.790039,89.29171
2018-01-19,177.052628,1294.579956,181.28999299999998,1137.51001,89.192604
2018-01-22,175.604141,1327.310059,185.369995,1155.810059,90.78817
2018-01-23,175.643814,1362.540039,189.350006,1169.969971,91.075562
2018-01-24,172.846054,1357.51001,186.550003,1164.23999,90.996284
2018-01-25,169.760574,1377.949951,187.479996,1170.369995,91.50170899999999
2018-01-26,170.157425,1402.050049,190.0,1175.839966,93.216187
2018-01-29,166.635422,1417.680054,185.979996,1175.579956,93.077446
2018-01-30,165.653244,1437.819946,187.119995,1163.689941,91.908028
2018-01-31,166.109604,1450.890015,186.889999,1169.939941,94.157661
2018-02-01,166.456848,1390.0,193.08999599999999,1167.699951,93.41439799999999
2018-02-02,159.234253,1429.949951,190.279999,1111.900024,90.95663499999999
2018-02-05,155.25589,1390.0,181.259995,1055.800049,87.21055600000001
2018-02-06,161.744293,1442.839966,185.309998,1080.599976,90.510681
2018-02-07,158.281815,1416.780029,180.179993,1048.579956,88.806107
2018-02-08,153.92643700000002,1350.5,171.580002,1001.5200199999999,84.247375
2018-02-09,155.809189,1339.599976,176.110001,1037.780029,87.38893900000001
2018-02-12,162.084991,1386.22998,176.41000400000001,1051.939941,88.33040600000001
2018-02-13,163.708725,1414.51001,173.149994,1052.099976,89.024132
2018-02-14,166.727081,1451.050049,179.520004,1069.699951,90.418091
2018-02-15,172.3255,1461.76001,179.96000700000002,1089.52002,92.26011700000001
2018-02-16,171.767639,1448.689941,177.360001,1094.800049,91.602959
2018-02-20,171.18988000000002,1468.349976,176.009995,1102.459961,92.319855
2018-02-21,170.412872,1482.920044,177.91000400000001,1111.339966,91.09515400000001
2018-02-22,171.837372,1485.339966,178.990005,1106.630005,91.334129
2018-02-23,174.825851,1500.0,183.28999299999998,1126.790039,93.65406800000001
2018-02-26,178.282532,1521.949951,184.929993,1143.75,95.00819399999999
2018-02-27,177.704758,1511.97998,181.46000700000002,1118.290039,93.79345699999999
2018-02-28,177.435791,1512.449951,178.320007,1104.72998,93.365318
2018-03-01,174.327774,1493.449951,175.940002,1069.52002,92.449287
2018-03-02,175.533142,1500.25,176.619995,1078.920044,92.64843
2018-03-05,176.140793,1523.609985,180.399994,1090.930054,93.235878
2018-03-06,175.99136399999998,1537.640015,179.779999,1095.060059,92.917259
2018-03-07,174.357666,1545.0,183.71000700000002,1109.640015,93.454933
2018-03-08,176.26033,1551.859985,182.33999599999999,1126.0,94.022469
2018-03-09,179.288635,1578.890015,185.229996,1160.040039,96.123367
2018-03-12,181.02195700000001,1598.390015,184.759995,1164.5,96.35237099999999
2018-03-13,179.27868700000002,1588.180054,181.880005,1138.170044,94.002563
2018-03-14,177.75456200000002,1591.0,184.190002,1149.48999,93.444969
2018-03-15,177.963745,1582.319946,183.860001,1149.579956,93.773552
2018-03-16,177.336182,1571.680054,185.08999599999999,1135.72998,94.191734
2018-03-19,174.626633,1544.930054,172.559998,1099.819946,92.489113
2018-03-20,174.56686399999998,1586.51001,168.149994,1097.709961,92.728081
2018-03-21,170.612106,1581.859985,169.389999,1090.880005,92.080887
2018-03-22,168.201401,1544.920044,164.889999,1049.079956,89.402496
2018-03-23,164.306427,1495.560059,159.389999,1021.570007,86.80375699999999
2018-03-26,172.106354,1555.859985,160.059998,1053.209961,93.375275
2018-03-27,167.69335900000002,1497.050049,152.220001,1005.099976,89.083878
2018-03-28,165.8405,1431.420044,153.029999,1004.5599980000001,89.00421899999999
2018-03-29,167.13551299999997,1447.339966,159.78999299999998,1031.790039,90.87610600000001
2018-04-02,166.039734,1371.98999,155.389999,1006.4699710000001,88.13797
2018-04-03,167.74316399999998,1392.050049,156.110001,1013.409973,89.322838
2018-04-04,170.950806,1410.569946,155.100006,1025.140015,91.931534
2018-04-05,172.13623,1451.75,159.33999599999999,1027.810059,91.981316
2018-04-06,167.733215,1405.22998,157.199997,1007.0399779999999,89.840599
2018-04-09,169.39678999999998,1406.079956,157.929993,1015.4500119999999,90.378265
2018-04-10,172.584503,1436.219971,165.03999299999998,1031.640015,92.479156
2018-04-11,171.777618,1427.050049,166.320007,1019.9699710000001,91.463562
2018-04-12,173.47108500000002,1448.5,163.869995,1032.51001,93.17614
2018-04-13,174.058807,1430.790039,164.520004,1029.27002,92.678299
2018-04-16,175.144638,1441.5,164.830002,1037.97998,93.763588
2018-04-17,177.555328,1503.829956,168.66000400000001,1074.160034,95.655396
2018-04-18,177.15686000000002,1527.839966,166.360001,1072.079956,96.02379599999999
2018-04-19,172.13623,1556.910034,168.100006,1087.699951,95.69522099999999
2018-04-20,165.08342,1527.48999,166.279999,1072.959961,94.590012
2018-04-23,164.60527,1517.859985,165.83999599999999,1067.449951,94.938499
2018-04-24,162.314102,1460.089966,159.690002,1019.9799800000001,92.718124
2018-04-25,163.021362,1460.170044,159.690002,1021.179993,91.911621
2018-04-26,163.58918799999998,1517.959961,174.16000400000001,1040.040039,93.85321
2018-04-27,161.69648700000002,1572.619995,173.58999599999999,1030.050049,95.406471
2018-04-30,164.62518300000002,1566.130005,172.0,1017.330017,93.116394
2018-05-01,168.450439,1582.26001,173.860001,1037.310059,94.590012
2018-05-02,175.891754,1569.680054,176.070007,1024.380005,93.106445
2018-05-03,176.21051,1572.079956,174.020004,1023.7199710000001,93.664024
2018-05-04,183.12385600000002,1580.949951,176.610001,1048.209961,94.749321
2018-05-07,184.448746,1600.140015,177.970001,1054.790039,95.804749
2018-05-08,185.335327,1592.390015,178.919998,1053.910034,95.39651500000001
2018-05-09,186.640305,1608.0,182.66000400000001,1082.76001,96.52164499999999
2018-05-10,189.309998,1609.079956,185.529999,1097.569946,97.48745699999999
2018-05-11,188.58999599999999,1602.910034,186.990005,1098.26001,97.278358
2018-05-14,188.149994,1601.540039,186.639999,1100.199951,97.606934
2018-05-15,186.440002,1576.119995,184.320007,1079.22998,96.900002
2018-05-16,188.179993,1587.280029,183.199997,1081.77002,97.150002
2018-05-17,186.990005,1581.76001,183.759995,1078.589966,96.18
2018-05-18,186.309998,1574.369995,182.679993,1066.359985,96.360001
2018-05-21,187.630005,1585.459961,184.490005,1079.579956,97.599998
2018-05-22,187.16000400000001,1581.400024,183.800003,1069.72998,97.5
2018-05-23,188.360001,1601.859985,186.899994,1079.689941,98.660004
2018-05-24,188.149994,1603.069946,185.929993,1079.23999,98.309998
2018-05-25,188.580002,1610.150024,184.919998,1075.660034,98.360001
2018-05-29,187.899994,1612.869995,185.740005,1060.319946,98.010002
2018-05-30,187.5,1624.890015,187.669998,1067.800049,98.949997
2018-05-31,186.869995,1629.619995,191.779999,1084.98999,98.839996
2018-06-01,190.240005,1641.540039,193.990005,1119.5,100.790001
2018-06-04,191.830002,1665.27002,193.279999,1139.290039,101.66999799999999
2018-06-05,193.309998,1696.3499760000002,192.940002,1139.660034,102.190002
2018-06-06,193.979996,1695.75,191.33999599999999,1136.880005,102.489998
2018-06-07,193.46000700000002,1689.300049,188.179993,1123.859985,100.879997
2018-06-08,191.699997,1683.9899899999998,189.100006,1120.869995,101.629997
2018-06-11,191.229996,1689.119995,191.53999299999998,1129.98999,101.050003
2018-06-12,192.279999,1698.75,192.399994,1139.319946,101.309998
2018-06-13,190.699997,1704.859985,192.41000400000001,1134.790039,100.849998
2018-06-14,190.800003,1723.859985,196.809998,1152.119995,101.41999799999999
2018-06-15,188.83999599999999,1715.969971,195.850006,1152.26001,100.129997
2018-06-18,188.740005,1723.790039,198.309998,1173.459961,100.860001
2018-06-19,185.690002,1734.780029,197.490005,1168.060059,100.860001
2018-06-20,186.5,1750.0799559999998,202.0,1169.839966,101.870003
2018-06-21,185.46000700000002,1730.219971,201.5,1157.660034,101.139999
2018-06-22,184.919998,1715.6700440000002,201.740005,1155.47998,100.410004
2018-06-25,182.169998,1663.150024,196.350006,1124.810059,98.389999
2018-06-26,184.429993,1691.089966,199.0,1118.459961,99.08000200000001
2018-06-27,184.16000400000001,1660.51001,195.83999599999999,1103.97998,97.540001
2018-06-28,185.5,1701.449951,196.229996,1114.219971,98.629997
2018-06-29,185.110001,1699.800049,194.320007,1115.650024,98.610001
2018-07-02,187.179993,1713.780029,197.360001,1127.459961,100.010002
2018-07-03,183.919998,1693.959961,192.729996,1102.890015,99.050003
2018-07-05,185.399994,1699.72998,198.449997,1124.27002,99.760002
2018-07-06,187.970001,1710.630005,203.229996,1140.170044,101.160004
2018-07-09,190.580002,1739.02002,204.740005,1154.050049,101.849998
2018-07-10,190.350006,1743.069946,203.53999299999998,1152.839966,102.120003
2018-07-11,187.880005,1755.0,202.53999299999998,1153.900024,101.980003
2018-07-12,191.029999,1796.619995,206.919998,1183.47998,104.190002
2018-07-13,191.330002,1813.030029,207.320007,1188.819946,105.43
2018-07-16,190.91000400000001,1822.4899899999998,207.229996,1183.859985,104.910004
2018-07-17,191.449997,1843.930054,209.99000499999997,1198.800049,105.949997
2018-07-18,190.399994,1842.9200440000002,209.360001,1195.880005,105.120003
2018-07-19,191.880005,1812.969971,208.08999599999999,1186.959961,104.400002
2018-07-20,191.440002,1813.699951,209.940002,1184.910034,106.269997
2018-07-23,191.610001,1802.0,210.91000400000001,1205.5,107.970001
2018-07-24,193.0,1829.2399899999998,214.669998,1248.079956,107.660004
2018-07-25,194.820007,1863.609985,217.5,1263.699951,110.83000200000001
2018-07-26,194.21000700000002,1808.0,176.259995,1268.329956,109.620003
2018-07-27,190.979996,1817.27002,174.889999,1238.5,107.68
